metric,top,mixed,throttled,floor,lower_is_better
Mean of six scores,4.14,4.18,3.51,3.29,0
Mean of six CI low,4.00,4.06,3.36,3.12,0
Mean of six CI high,4.28,4.29,3.66,3.49,0
Invented facts (count),0.80,0.54,1.44,2.14,1
Distinct fixes (count),3.56,3.48,3.42,3.34,0
Rule breaks (count),0.08,0.08,0.74,0.74,1
Ranked best (of 50),23,21,3,3,0
Ranked worst (of 50),6,2,16,26,1
Bradley-Terry strength,1.54,1.70,0.44,0.32,0
Bradley-Terry CI low,1.10,1.27,0.27,0.18,0
Bradley-Terry CI high,2.07,2.15,0.63,0.51,0
